2021-08-25T13:48:55+02:00,competition,checkpointteam,WPP-test-2,WPP-test-3
2021-08-25T13:48:55+02:00,competition,checkpoint,WP-test,WP-test-3
2021-08-25T13:50:26+02:00,competition,checkpointteam,WPP-test-3,WPP-test
2021-08-25T13:50:26+02:00,competition,checkpoint,WP-test-3,WP-test
2021-08-25T14:06:05+02:00,system,id,Na,ERROR000000000
2021-08-25T14:22:25+02:00,system,internet,Na,TRUE
2021-08-25T14:22:42+02:00,system,internet,TRUE,FALSE
2021-08-25T14:22:55+02:00,system,internet,FALSE,TRUE
2021-08-25T14:26:58+02:00,system,internet,TRUE,FALSE
2021-08-25T14:27:00+02:00,system,internet,FALSE,TRUE
2021-08-25T14:27:12+02:00,system,internet,TRUE,FALSE
2021-08-25T14:28:00+02:00,system,internet,FALSE,TRUE
2021-08-25T14:28:02+02:00,system,internet,TRUE,FALSE
2021-08-25T14:28:08+02:00,system,internet,FALSE,TRUE
2021-08-25T14:28:25+02:00,system,internet,TRUE,FALSE
2021-08-25T14:28:27+02:00,system,internet,FALSE,TRUE
2021-08-25T14:28:29+02:00,system,internet,TRUE,FALSE
2021-08-25T14:28:30+02:00,system,internet,FALSE,TRUE
2021-08-25T14:28:32+02:00,system,internet,TRUE,FALSE
2021-08-25T14:28:34+02:00,system,internet,FALSE,TRUE
2021-08-25T14:28:37+02:00,system,internet,TRUE,FALSE
2021-08-25T14:28:43+02:00,system,internet,FALSE,TRUE
2021-08-25T14:29:39+02:00,system,internet,TRUE,FALSE
2021-08-25T14:29:40+02:00,system,internet,FALSE,TRUE
2021-08-25T14:29:44+02:00,system,internet,TRUE,FALSE
2021-08-25T14:29:49+02:00,system,internet,FALSE,TRUE
2021-08-25T14:29:53+02:00,system,internet,TRUE,FALSE
2021-08-25T14:29:54+02:00,system,internet,FALSE,TRUE
2021-08-25T14:31:33+02:00,system,internet,TRUE,FALSE
2021-08-25T14:32:08+02:00,system,internet,FALSE,TRUE
2021-08-25T14:32:14+02:00,system,internet,TRUE,FALSE
2021-08-25T14:32:19+02:00,system,internet,FALSE,TRUE
2021-08-25T14:32:21+02:00,system,internet,TRUE,FALSE
2021-08-25T14:32:31+02:00,system,internet,FALSE,TRUE
2021-08-25T14:32:56+02:00,system,internet,TRUE,FALSE
2021-08-25T14:32:58+02:00,system,internet,FALSE,TRUE
2021-08-25T14:33:01+02:00,system,internet,TRUE,FALSE
2021-08-25T14:33:02+02:00,system,internet,FALSE,TRUE
2021-08-25T14:33:04+02:00,system,internet,TRUE,FALSE
2021-08-25T14:33:06+02:00,system,internet,FALSE,TRUE
2021-08-25T14:33:14+02:00,system,internet,TRUE,FALSE
2021-08-25T14:33:18+02:00,system,internet,FALSE,TRUE
2021-08-25T14:33:26+02:00,system,internet,TRUE,FALSE
2021-08-25T14:33:34+02:00,system,internet,FALSE,TRUE
2021-08-25T14:33:43+02:00,system,internet,TRUE,FALSE
2021-08-25T14:33:44+02:00,system,internet,FALSE,TRUE
2021-08-25T14:34:51+02:00,system,internet,TRUE,FALSE
2021-08-25T14:34:53+02:00,system,internet,FALSE,TRUE
2021-08-25T14:35:08+02:00,system,internet,TRUE,FALSE
2021-08-25T14:35:12+02:00,system,internet,FALSE,TRUE
2021-08-25T14:35:30+02:00,system,internet,TRUE,FALSE
2021-08-25T14:35:33+02:00,system,internet,FALSE,TRUE
2021-08-25T14:35:39+02:00,system,internet,TRUE,FALSE
2021-08-25T14:35:40+02:00,system,internet,FALSE,TRUE
2021-08-25T14:35:48+02:00,system,internet,TRUE,FALSE
2021-08-25T14:35:49+02:00,system,internet,FALSE,TRUE
2021-08-25T14:36:07+02:00,system,internet,TRUE,FALSE
2021-08-25T14:36:09+02:00,system,internet,FALSE,TRUE
2021-08-25T14:36:15+02:00,system,internet,TRUE,FALSE
2021-08-25T14:36:24+02:00,system,internet,FALSE,TRUE
2021-08-25T14:36:37+02:00,system,internet,TRUE,FALSE
2021-08-25T14:38:01+02:00,system,internet,FALSE,TRUE
2021-08-25T14:39:58+02:00,system,internet,TRUE,FALSE
2021-08-25T14:39:59+02:00,system,internet,FALSE,TRUE
2021-08-25T14:40:22+02:00,system,internet,TRUE,FALSE
2021-08-25T14:40:23+02:00,system,internet,FALSE,TRUE
2021-08-25T14:40:45+02:00,system,internet,TRUE,FALSE
2021-08-25T14:40:46+02:00,system,internet,FALSE,TRUE
2021-08-25T14:40:59+02:00,system,internet,TRUE,FALSE
2021-08-25T14:41:03+02:00,system,internet,FALSE,TRUE
2021-08-25T14:41:30+02:00,system,internet,TRUE,FALSE
2021-08-25T14:41:31+02:00,system,internet,FALSE,TRUE
2021-08-25T14:43:17+02:00,system,internet,TRUE,FALSE
2021-08-25T14:43:18+02:00,system,internet,FALSE,TRUE
2021-08-25T14:46:30+02:00,system,internet,TRUE,FALSE
2021-08-25T14:46:31+02:00,system,internet,FALSE,TRUE
2021-08-25T14:46:43+02:00,system,internet,TRUE,FALSE
2021-08-25T14:46:47+02:00,system,internet,FALSE,TRUE
2021-08-25T14:46:54+02:00,system,internet,TRUE,FALSE
2021-08-25T14:46:55+02:00,system,internet,FALSE,TRUE
2021-08-25T14:48:28+02:00,system,internet,TRUE,FALSE
2021-08-25T14:48:29+02:00,system,internet,FALSE,TRUE
2021-08-25T14:48:34+02:00,system,internet,TRUE,FALSE
2021-08-25T14:48:35+02:00,system,internet,FALSE,TRUE
2021-08-25T14:48:56+02:00,system,internet,TRUE,FALSE
2021-08-25T14:48:57+02:00,system,internet,FALSE,TRUE
2021-08-25T14:49:54+02:00,system,internet,TRUE,FALSE
2021-08-25T14:49:55+02:00,system,internet,FALSE,TRUE
2021-08-25T14:51:12+02:00,system,internet,TRUE,FALSE
2021-08-25T14:51:14+02:00,system,internet,FALSE,TRUE
2021-08-25T14:51:53+02:00,system,internet,TRUE,FALSE
2021-08-25T14:51:54+02:00,system,internet,FALSE,TRUE
2021-08-25T14:52:19+02:00,system,internet,TRUE,FALSE
2021-08-25T14:52:20+02:00,system,internet,FALSE,TRUE
2021-08-25T14:53:02+02:00,system,internet,TRUE,FALSE
2021-08-25T14:53:04+02:00,system,internet,FALSE,TRUE
2021-08-25T14:54:07+02:00,system,internet,TRUE,FALSE
2021-08-25T14:54:09+02:00,system,internet,FALSE,TRUE
2021-08-25T14:54:15+02:00,system,internet,TRUE,FALSE
2021-08-25T14:54:17+02:00,system,internet,FALSE,TRUE
2021-08-25T14:54:34+02:00,system,internet,TRUE,FALSE
2021-08-25T14:54:35+02:00,system,internet,FALSE,TRUE
2021-08-25T14:56:17+02:00,system,internet,TRUE,FALSE
2021-08-25T14:56:22+02:00,system,internet,FALSE,TRUE
2021-08-25T14:56:24+02:00,system,internet,TRUE,FALSE
2021-08-25T14:56:25+02:00,system,internet,FALSE,TRUE
2021-08-25T14:56:27+02:00,system,internet,TRUE,FALSE
2021-08-25T14:56:28+02:00,system,internet,FALSE,TRUE
2021-08-25T14:56:43+02:00,system,internet,TRUE,FALSE
2021-08-25T14:56:44+02:00,system,internet,FALSE,TRUE
2021-08-25T14:56:47+02:00,system,internet,TRUE,FALSE
2021-08-25T14:56:48+02:00,system,internet,FALSE,TRUE
2021-08-25T14:57:22+02:00,system,internet,TRUE,FALSE
2021-08-25T14:57:23+02:00,system,internet,FALSE,TRUE
2021-08-25T14:58:42+02:00,system,internet,TRUE,FALSE
2021-08-25T14:58:43+02:00,system,internet,FALSE,TRUE
2021-08-25T15:02:20+02:00,system,internet,TRUE,FALSE
2021-08-25T15:02:21+02:00,system,internet,FALSE,TRUE
2021-08-25T15:02:50+02:00,system,internet,TRUE,FALSE
2021-08-25T15:02:55+02:00,system,internet,FALSE,TRUE
2021-08-25T15:06:06+02:00,system,internet,TRUE,FALSE
2021-08-25T15:06:07+02:00,system,internet,FALSE,TRUE
2021-08-25T15:07:23+02:00,system,internet,TRUE,FALSE
2021-08-25T15:07:24+02:00,system,internet,FALSE,TRUE
2021-08-25T15:07:39+02:00,system,internet,TRUE,FALSE
2021-08-25T15:07:40+02:00,system,internet,FALSE,TRUE
2021-08-25T15:08:10+02:00,system,internet,TRUE,FALSE
2021-08-25T15:08:11+02:00,system,internet,FALSE,TRUE
2021-08-25T15:08:25+02:00,system,internet,TRUE,FALSE
2021-08-25T15:08:26+02:00,system,internet,FALSE,TRUE
2021-08-25T15:08:41+02:00,system,internet,TRUE,FALSE
2021-08-25T15:08:43+02:00,system,internet,FALSE,TRUE
2021-08-25T15:15:31+02:00,system,internet,TRUE,FALSE
2021-08-25T15:15:32+02:00,system,internet,FALSE,TRUE
2021-08-25T15:18:33+02:00,system,internet,TRUE,FALSE
2021-08-25T15:18:34+02:00,system,internet,FALSE,TRUE
2021-08-25T15:18:53+02:00,system,internet,TRUE,FALSE
2021-08-25T15:18:54+02:00,system,internet,FALSE,TRUE
2021-08-25T15:20:06+02:00,system,internet,TRUE,FALSE
2021-08-25T15:20:07+02:00,system,internet,FALSE,TRUE
2021-08-25T15:22:54+02:00,system,internet,TRUE,FALSE
2021-08-25T15:22:56+02:00,system,internet,FALSE,TRUE
2021-08-25T15:23:20+02:00,system,internet,TRUE,FALSE
2021-08-25T15:23:22+02:00,system,internet,FALSE,TRUE
2021-08-25T15:23:24+02:00,system,internet,TRUE,FALSE
2021-08-25T15:23:25+02:00,system,internet,FALSE,TRUE
2021-08-25T15:23:37+02:00,system,internet,TRUE,FALSE
2021-08-25T15:23:39+02:00,system,internet,FALSE,TRUE
2021-08-25T15:23:57+02:00,system,internet,TRUE,FALSE
2021-08-25T15:23:58+02:00,system,internet,FALSE,TRUE
2021-08-25T15:24:03+02:00,system,internet,TRUE,FALSE
2021-08-25T15:24:04+02:00,system,internet,FALSE,TRUE
2021-08-25T15:24:19+02:00,system,internet,TRUE,FALSE
2021-08-25T15:24:20+02:00,system,internet,FALSE,TRUE
2021-08-25T15:24:51+02:00,system,internet,TRUE,FALSE
2021-08-25T15:24:53+02:00,system,internet,FALSE,TRUE
2021-08-25T15:25:20+02:00,system,internet,TRUE,FALSE
2021-08-25T15:25:21+02:00,system,internet,FALSE,TRUE
2021-08-25T15:25:35+02:00,system,internet,TRUE,FALSE
2021-08-25T15:25:37+02:00,system,internet,FALSE,TRUE
2021-08-25T15:25:43+02:00,system,internet,TRUE,FALSE
2021-08-25T15:25:45+02:00,system,internet,FALSE,TRUE
2021-08-25T15:26:17+02:00,system,internet,TRUE,FALSE
2021-08-25T15:26:18+02:00,system,internet,FALSE,TRUE
2021-08-25T15:28:32+02:00,system,internet,TRUE,FALSE
2021-08-25T15:28:33+02:00,system,internet,FALSE,TRUE
2021-08-25T15:29:02+02:00,system,internet,TRUE,FALSE
2021-08-25T15:29:03+02:00,system,internet,FALSE,TRUE
2021-08-25T15:29:26+02:00,system,internet,TRUE,FALSE
2021-08-25T15:29:27+02:00,system,internet,FALSE,TRUE
2021-08-25T15:33:08+02:00,system,internet,TRUE,FALSE
2021-08-25T15:33:09+02:00,system,internet,FALSE,TRUE
2021-08-25T15:33:57+02:00,system,internet,TRUE,FALSE
2021-08-25T15:33:59+02:00,system,internet,FALSE,TRUE
2021-08-25T15:34:52+02:00,system,internet,TRUE,FALSE
2021-08-25T15:34:53+02:00,system,internet,FALSE,TRUE
2021-08-25T15:35:07+02:00,system,internet,TRUE,FALSE
2021-08-25T15:35:15+02:00,system,internet,FALSE,TRUE
2021-08-25T15:35:33+02:00,system,internet,TRUE,FALSE
2021-08-25T15:35:34+02:00,system,internet,FALSE,TRUE
2021-08-25T15:37:55+02:00,system,internet,TRUE,FALSE
2021-08-25T15:37:56+02:00,system,internet,FALSE,TRUE
2021-08-25T15:39:27+02:00,system,internet,TRUE,FALSE
2021-08-25T15:39:28+02:00,system,internet,FALSE,TRUE
2021-08-25T15:40:16+02:00,system,internet,TRUE,FALSE
2021-08-25T15:40:18+02:00,system,internet,FALSE,TRUE
2021-08-25T15:40:57+02:00,system,internet,TRUE,FALSE
2021-08-25T15:41:06+02:00,system,internet,FALSE,TRUE
2021-08-25T15:41:09+02:00,system,internet,TRUE,FALSE
2021-08-25T15:41:11+02:00,system,internet,FALSE,TRUE
2021-08-25T15:41:13+02:00,system,internet,TRUE,FALSE
2021-08-25T15:41:14+02:00,system,internet,FALSE,TRUE
2021-08-25T15:41:27+02:00,system,internet,TRUE,FALSE
2021-08-25T15:41:28+02:00,system,internet,FALSE,TRUE
2021-08-25T15:41:42+02:00,system,internet,TRUE,FALSE
2021-08-25T15:41:49+02:00,system,internet,FALSE,TRUE
2021-08-25T15:42:49+02:00,system,internet,TRUE,FALSE
2021-08-25T15:42:54+02:00,system,internet,FALSE,TRUE
2021-08-25T15:42:56+02:00,system,internet,TRUE,FALSE
2021-08-25T15:43:04+02:00,system,internet,FALSE,TRUE
2021-08-25T15:43:09+02:00,system,internet,TRUE,FALSE
2021-08-25T15:43:10+02:00,system,internet,FALSE,TRUE
2021-08-25T15:43:44+02:00,system,internet,TRUE,FALSE
2021-08-25T15:43:48+02:00,system,internet,FALSE,TRUE
2021-08-25T15:44:32+02:00,system,internet,TRUE,FALSE
2021-08-25T15:44:33+02:00,system,internet,FALSE,TRUE
2021-08-25T15:45:01+02:00,system,internet,TRUE,FALSE
2021-08-25T15:45:05+02:00,system,internet,FALSE,TRUE
2021-08-25T15:45:25+02:00,system,internet,TRUE,FALSE
2021-08-25T15:45:27+02:00,system,internet,FALSE,TRUE
2021-08-25T15:45:32+02:00,system,internet,TRUE,FALSE
2021-08-25T15:45:34+02:00,system,internet,FALSE,TRUE
2021-08-25T15:46:21+02:00,system,internet,TRUE,FALSE
2021-08-25T15:46:26+02:00,system,internet,FALSE,TRUE
2021-08-25T15:46:34+02:00,system,internet,TRUE,FALSE
2021-08-25T15:46:35+02:00,system,internet,FALSE,TRUE
2021-08-25T15:46:38+02:00,system,internet,TRUE,FALSE
2021-08-25T15:46:39+02:00,system,internet,FALSE,TRUE
2021-08-25T15:46:41+02:00,system,internet,TRUE,FALSE
2021-08-25T15:46:43+02:00,system,internet,FALSE,TRUE
2021-08-25T15:46:53+02:00,system,internet,TRUE,FALSE
2021-08-25T15:46:55+02:00,system,internet,FALSE,TRUE
2021-08-25T15:47:04+02:00,system,internet,TRUE,FALSE
2021-08-25T15:47:07+02:00,system,internet,FALSE,TRUE
2021-08-25T15:47:09+02:00,system,internet,TRUE,FALSE
2021-08-25T15:47:10+02:00,system,internet,FALSE,TRUE
2021-08-25T15:47:33+02:00,system,internet,TRUE,FALSE
2021-08-25T15:47:34+02:00,system,internet,FALSE,TRUE
2021-08-25T15:48:23+02:00,system,internet,TRUE,FALSE
2021-08-25T15:48:24+02:00,system,internet,FALSE,TRUE
2021-08-25T15:48:39+02:00,system,internet,TRUE,FALSE
2021-08-25T15:48:41+02:00,system,internet,FALSE,TRUE
2021-08-25T15:49:04+02:00,system,internet,TRUE,FALSE
2021-08-25T15:49:05+02:00,system,internet,FALSE,TRUE
2021-08-25T15:49:21+02:00,system,internet,TRUE,FALSE
2021-08-25T15:49:22+02:00,system,internet,FALSE,TRUE
2021-08-25T15:50:33+02:00,system,internet,TRUE,FALSE
2021-08-25T15:50:34+02:00,system,internet,FALSE,TRUE
2021-08-25T15:51:02+02:00,system,internet,TRUE,FALSE
2021-08-25T15:51:03+02:00,system,internet,FALSE,TRUE
2021-08-25T15:51:13+02:00,system,internet,TRUE,FALSE
2021-08-25T15:51:14+02:00,system,internet,FALSE,TRUE
2021-08-25T15:51:50+02:00,competition,checkpointteam,WPP-test,WPP-test-3
2021-08-25T15:51:50+02:00,competition,checkpoint,WP-test,WP-test-3
2021-08-25T15:59:52+02:00,system,internet,TRUE,FALSE
2021-08-25T15:59:53+02:00,system,internet,FALSE,TRUE
2021-08-25T15:59:55+02:00,system,internet,TRUE,FALSE
2021-08-25T15:59:56+02:00,system,internet,FALSE,TRUE
2021-08-25T16:00:21+02:00,system,internet,TRUE,FALSE
2021-08-25T16:00:23+02:00,system,internet,FALSE,TRUE
2021-08-25T16:00:31+02:00,system,internet,TRUE,FALSE
2021-08-25T16:00:32+02:00,system,internet,FALSE,TRUE
2021-08-25T16:01:47+02:00,system,internet,TRUE,FALSE
2021-08-25T16:01:53+02:00,system,internet,FALSE,TRUE
2021-08-25T16:03:58+02:00,system,internet,TRUE,FALSE
2021-08-25T16:04:00+02:00,system,internet,FALSE,TRUE
2021-08-25T16:05:07+02:00,system,internet,TRUE,FALSE
2021-08-25T16:05:08+02:00,system,internet,FALSE,TRUE
2021-08-25T16:08:00+02:00,system,internet,TRUE,FALSE
2021-08-25T16:08:01+02:00,system,internet,FALSE,TRUE
2021-08-25T16:12:52+02:00,system,internet,TRUE,FALSE
2021-08-25T16:12:54+02:00,system,internet,FALSE,TRUE
2021-08-25T16:12:56+02:00,system,internet,TRUE,FALSE
2021-08-25T16:12:58+02:00,system,internet,FALSE,TRUE
2021-08-25T16:13:52+02:00,system,internet,TRUE,FALSE
2021-08-25T16:13:53+02:00,system,internet,FALSE,TRUE
2021-08-25T16:27:33+02:00,system,internet,TRUE,FALSE
2021-08-25T16:27:34+02:00,system,internet,FALSE,TRUE
2021-08-25T16:27:57+02:00,system,internet,TRUE,FALSE
2021-08-25T16:27:59+02:00,system,internet,FALSE,TRUE
2021-08-25T16:28:14+02:00,system,internet,TRUE,FALSE
2021-08-25T16:28:15+02:00,system,internet,FALSE,TRUE
2021-08-25T16:28:38+02:00,system,internet,TRUE,FALSE
2021-08-25T16:28:39+02:00,system,internet,FALSE,TRUE
2021-08-25T16:28:58+02:00,system,internet,TRUE,FALSE
2021-08-25T16:28:59+02:00,system,internet,FALSE,TRUE
2021-08-25T16:30:17+02:00,system,internet,TRUE,FALSE
2021-08-25T16:30:18+02:00,system,internet,FALSE,TRUE
2021-08-25T16:30:42+02:00,system,internet,TRUE,FALSE
2021-08-25T16:30:43+02:00,system,internet,FALSE,TRUE
2021-08-25T16:31:17+02:00,system,internet,TRUE,FALSE
2021-08-25T16:31:18+02:00,system,internet,FALSE,TRUE
2021-08-25T16:31:37+02:00,system,internet,TRUE,FALSE
2021-08-25T16:31:39+02:00,system,internet,FALSE,TRUE
2021-08-25T16:31:41+02:00,system,internet,TRUE,FALSE
2021-08-25T16:31:42+02:00,system,internet,FALSE,TRUE
2021-08-25T16:32:12+02:00,system,internet,TRUE,FALSE
2021-08-25T16:32:13+02:00,system,internet,FALSE,TRUE
2021-08-25T16:32:15+02:00,system,internet,TRUE,FALSE
2021-08-25T16:32:17+02:00,system,internet,FALSE,TRUE
2021-08-25T16:32:42+02:00,system,internet,TRUE,FALSE
2021-08-25T16:32:44+02:00,system,internet,FALSE,TRUE
2021-08-25T16:32:52+02:00,system,internet,TRUE,FALSE
2021-08-25T16:32:55+02:00,system,internet,FALSE,TRUE
2021-08-25T16:33:27+02:00,system,internet,TRUE,FALSE
2021-08-25T16:33:29+02:00,system,internet,FALSE,TRUE
2021-08-25T16:33:53+02:00,system,internet,TRUE,FALSE
2021-08-25T16:33:54+02:00,system,internet,FALSE,TRUE
2021-08-25T16:37:00+02:00,system,internet,TRUE,FALSE
2021-08-25T16:37:01+02:00,system,internet,FALSE,TRUE
2021-08-25T16:37:53+02:00,system,internet,TRUE,FALSE
2021-08-25T16:37:54+02:00,system,internet,FALSE,TRUE
2021-08-25T16:39:10+02:00,system,internet,TRUE,FALSE
2021-08-25T16:39:11+02:00,system,internet,FALSE,TRUE
2021-08-25T16:39:27+02:00,system,internet,TRUE,FALSE
2021-08-25T16:39:28+02:00,system,internet,FALSE,TRUE
2021-08-25T16:40:30+02:00,system,internet,TRUE,FALSE
2021-08-25T16:40:31+02:00,system,internet,FALSE,TRUE
2021-08-25T16:41:33+02:00,system,internet,TRUE,FALSE
2021-08-25T16:41:39+02:00,system,internet,FALSE,TRUE
2021-08-25T16:42:28+02:00,system,internet,TRUE,FALSE
2021-08-25T16:42:29+02:00,system,internet,FALSE,TRUE
2021-08-25T16:45:42+02:00,system,internet,TRUE,FALSE
2021-08-25T16:45:44+02:00,system,internet,FALSE,TRUE
2021-08-25T16:45:48+02:00,system,internet,TRUE,FALSE
2021-08-25T16:45:50+02:00,system,internet,FALSE,TRUE
2021-08-25T16:45:54+02:00,system,internet,TRUE,FALSE
2021-08-25T16:45:57+02:00,system,internet,FALSE,TRUE
2021-08-25T16:46:00+02:00,system,internet,TRUE,FALSE
2021-08-25T16:46:02+02:00,system,internet,FALSE,TRUE
2021-08-26T09:39:16+02:00,system,internet,TRUE,FALSE
2021-08-26T09:39:17+02:00,system,internet,FALSE,TRUE
2021-08-26T09:39:43+02:00,system,internet,TRUE,FALSE
2021-08-26T09:39:44+02:00,system,internet,FALSE,TRUE
2021-08-26T09:42:01+02:00,system,internet,TRUE,FALSE
2021-08-26T09:42:02+02:00,system,internet,FALSE,TRUE
2021-08-26T09:42:25+02:00,system,internet,TRUE,FALSE
2021-08-26T09:42:26+02:00,system,internet,FALSE,TRUE
2021-08-26T09:43:33+02:00,system,internet,TRUE,FALSE
2021-08-26T09:43:34+02:00,system,internet,FALSE,TRUE
2021-08-26T09:46:06+02:00,system,internet,TRUE,FALSE
2021-08-26T09:46:07+02:00,system,internet,FALSE,TRUE
2021-08-26T09:46:50+02:00,system,internet,TRUE,FALSE
2021-08-26T09:46:52+02:00,system,internet,FALSE,TRUE
2021-08-26T09:50:14+02:00,system,internet,TRUE,FALSE
2021-08-26T09:50:15+02:00,system,internet,FALSE,TRUE
2021-08-26T09:51:47+02:00,system,internet,TRUE,FALSE
2021-08-26T09:51:48+02:00,system,internet,FALSE,TRUE
2021-08-26T09:53:10+02:00,system,internet,TRUE,FALSE
2021-08-26T09:53:12+02:00,system,internet,FALSE,TRUE
2021-08-26T09:54:07+02:00,system,internet,TRUE,FALSE
2021-08-26T09:54:58+02:00,system,internet,TRUE,FALSE
2021-08-26T09:54:59+02:00,system,internet,FALSE,TRUE
2021-08-26T09:55:46+02:00,system,internet,TRUE,FALSE
2021-08-26T09:55:47+02:00,system,internet,FALSE,TRUE
2021-08-26T10:00:52+02:00,system,internet,TRUE,FALSE
2021-08-26T10:00:53+02:00,system,internet,FALSE,TRUE
2021-08-26T10:01:51+02:00,system,internet,TRUE,FALSE
2021-08-26T10:01:52+02:00,system,internet,FALSE,TRUE
2021-08-26T10:06:48+02:00,system,internet,TRUE,FALSE
2021-08-26T10:06:50+02:00,system,internet,FALSE,TRUE
2021-08-26T10:07:04+02:00,system,internet,TRUE,FALSE
2021-08-26T10:07:05+02:00,system,internet,FALSE,TRUE
2021-08-26T10:07:16+02:00,system,internet,TRUE,FALSE
2021-08-26T10:07:18+02:00,system,internet,FALSE,TRUE
2021-08-26T10:07:37+02:00,system,internet,TRUE,FALSE
2021-08-26T10:07:38+02:00,system,internet,FALSE,TRUE
2021-08-26T10:07:42+02:00,system,internet,TRUE,FALSE
2021-08-26T10:07:43+02:00,system,internet,FALSE,TRUE
2021-08-26T10:12:25+02:00,system,internet,TRUE,FALSE
2021-08-26T10:12:27+02:00,system,internet,FALSE,TRUE
2021-08-26T10:12:55+02:00,system,internet,TRUE,FALSE
2021-08-26T10:12:56+02:00,system,internet,FALSE,TRUE
2021-08-26T10:13:01+02:00,system,internet,TRUE,FALSE
2021-08-26T10:13:02+02:00,system,internet,FALSE,TRUE
2021-08-26T10:13:28+02:00,system,internet,TRUE,FALSE
2021-08-26T10:13:30+02:00,system,internet,FALSE,TRUE
2021-08-26T10:15:38+02:00,system,internet,TRUE,FALSE
2021-08-26T10:15:39+02:00,system,internet,FALSE,TRUE
2021-08-26T10:15:46+02:00,system,internet,TRUE,FALSE
2021-08-26T10:15:47+02:00,system,internet,FALSE,TRUE
2021-08-26T10:16:20+02:00,system,internet,TRUE,FALSE
2021-08-26T10:16:21+02:00,system,internet,FALSE,TRUE
2021-08-26T10:18:52+02:00,system,internet,TRUE,FALSE
2021-08-26T10:18:53+02:00,system,internet,FALSE,TRUE
2021-08-26T10:19:50+02:00,system,internet,TRUE,FALSE
2021-08-26T10:19:51+02:00,system,internet,FALSE,TRUE
2021-09-01T21:01:44+02:00,system,internet,TRUE,FALSE
2021-09-12T13:36:15+02:00,system,internet,FALSE,TRUE
2021-09-12T14:07:18+02:00,competition,checkpoint_list,"['WP-test', 'WP-test-2', 'WP-test-3']","[['De Bongerd', 'Oostereng', 'Gelderse Roos', 'De Petteflet', 'Vredenoord', 'Beerenberg', 'Emma Piramide', 'IPC', 'Planken Wambuis', 'Campus WUR']]"
2021-09-12T14:07:37+02:00,competition,checkpoint_list,"[['De Bongerd', 'Oostereng', 'Gelderse Roos', 'De Petteflet', 'Vredenoord', 'Beerenberg', 'Emma Piramide', 'IPC', 'Planken Wambuis', 'Campus WUR']]","['De Bongerd', 'Oostereng', 'Gelderse Roos', 'De Petteflet', 'Vredenoord', 'Beerenberg', 'Emma Piramide', 'IPC', 'Planken Wambuis', 'Campus WUR']"
2021-09-12T14:09:42+02:00,competition,checkpoint_list,"['De Bongerd', 'Oostereng', 'Gelderse Roos', 'De Petteflet', 'Vredenoord', 'Beerenberg', 'Emma Piramide', 'IPC', 'Planken Wambuis', 'Campus WUR']","[{'LOCATIE_ID': 1, 'LOCATIE_NAAM': 'De Bongerd', 'STRAAT': None, 'HUISNUMMER': None, 'HUISNUMMER_TOEVOEGING': None, 'POSTCODE': '', 'PLAATSNAAM': '', 'COORDINATEN': None, 'LOCATIE_TYPE': 'WP'}, {'LOCATIE_ID': 2, 'LOCATIE_NAAM': 'Oostereng', 'STRAAT': None, 'HUISNUMMER': None, 'HUISNUMMER_TOEVOEGING': None, 'POSTCODE': None, 'PLAATSNAAM': None, 'COORDINATEN': None, 'LOCATIE_TYPE': 'WP'}, {'LOCATIE_ID': 3, 'LOCATIE_NAAM': 'Gelderse Roos', 'STRAAT': None, 'HUISNUMMER': None, 'HUISNUMMER_TOEVOEGING': None, 'POSTCODE': None, 'PLAATSNAAM': None, 'COORDINATEN': None, 'LOCATIE_TYPE': 'WP'}, {'LOCATIE_ID': 4, 'LOCATIE_NAAM': 'De Petteflet', 'STRAAT': None, 'HUISNUMMER': None, 'HUISNUMMER_TOEVOEGING': None, 'POSTCODE': None, 'PLAATSNAAM': None, 'COORDINATEN': None, 'LOCATIE_TYPE': 'WP'}, {'LOCATIE_ID': 5, 'LOCATIE_NAAM': 'Vredenoord', 'STRAAT': None, 'HUISNUMMER': None, 'HUISNUMMER_TOEVOEGING': None, 'POSTCODE': None, 'PLAATSNAAM': None, 'COORDINATEN': None, 'LOCATIE_TYPE': 'WP'}, {'LOCATIE_ID': 6, 'LOCATIE_NAAM': 'Beerenberg', 'STRAAT': None, 'HUISNUMMER': None, 'HUISNUMMER_TOEVOEGING': None, 'POSTCODE': None, 'PLAATSNAAM': None, 'COORDINATEN': None, 'LOCATIE_TYPE': 'WP'}, {'LOCATIE_ID': 7, 'LOCATIE_NAAM': 'Emma Piramide', 'STRAAT': None, 'HUISNUMMER': None, 'HUISNUMMER_TOEVOEGING': None, 'POSTCODE': None, 'PLAATSNAAM': None, 'COORDINATEN': None, 'LOCATIE_TYPE': 'WP'}, {'LOCATIE_ID': 8, 'LOCATIE_NAAM': 'IPC', 'STRAAT': None, 'HUISNUMMER': None, 'HUISNUMMER_TOEVOEGING': None, 'POSTCODE': None, 'PLAATSNAAM': None, 'COORDINATEN': None, 'LOCATIE_TYPE': 'WP'}, {'LOCATIE_ID': 9, 'LOCATIE_NAAM': 'Planken Wambuis', 'STRAAT': None, 'HUISNUMMER': None, 'HUISNUMMER_TOEVOEGING': None, 'POSTCODE': None, 'PLAATSNAAM': None, 'COORDINATEN': None, 'LOCATIE_TYPE': 'WP'}, {'LOCATIE_ID': 10, 'LOCATIE_NAAM': 'Campus WUR', 'STRAAT': None, 'HUISNUMMER': None, 'HUISNUMMER_TOEVOEGING': None, 'POSTCODE': None, 'PLAATSNAAM': None, 'COORDINATEN': None, 'LOCATIE_TYPE': 'WP'}]"
2021-09-12T14:16:58+02:00,system,internet,TRUE,FALSE
2021-09-12T14:17:02+02:00,system,internet,FALSE,TRUE
2021-09-12T14:17:12+02:00,system,internet,TRUE,FALSE
2021-09-12T14:17:18+02:00,system,internet,FALSE,TRUE
2021-09-12T14:34:16+02:00,competition,checkpoint_list,"[{'LOCATIE_ID': 1, 'LOCATIE_NAAM': 'De Bongerd', 'STRAAT': None, 'HUISNUMMER': None, 'HUISNUMMER_TOEVOEGING': None, 'POSTCODE': '', 'PLAATSNAAM': '', 'COORDINATEN': None, 'LOCATIE_TYPE': 'WP'}, {'LOCATIE_ID': 2, 'LOCATIE_NAAM': 'Oostereng', 'STRAAT': None, 'HUISNUMMER': None, 'HUISNUMMER_TOEVOEGING': None, 'POSTCODE': None, 'PLAATSNAAM': None, 'COORDINATEN': None, 'LOCATIE_TYPE': 'WP'}, {'LOCATIE_ID': 3, 'LOCATIE_NAAM': 'Gelderse Roos', 'STRAAT': None, 'HUISNUMMER': None, 'HUISNUMMER_TOEVOEGING': None, 'POSTCODE': None, 'PLAATSNAAM': None, 'COORDINATEN': None, 'LOCATIE_TYPE': 'WP'}, {'LOCATIE_ID': 4, 'LOCATIE_NAAM': 'De Petteflet', 'STRAAT': None, 'HUISNUMMER': None, 'HUISNUMMER_TOEVOEGING': None, 'POSTCODE': None, 'PLAATSNAAM': None, 'COORDINATEN': None, 'LOCATIE_TYPE': 'WP'}, {'LOCATIE_ID': 5, 'LOCATIE_NAAM': 'Vredenoord', 'STRAAT': None, 'HUISNUMMER': None, 'HUISNUMMER_TOEVOEGING': None, 'POSTCODE': None, 'PLAATSNAAM': None, 'COORDINATEN': None, 'LOCATIE_TYPE': 'WP'}, {'LOCATIE_ID': 6, 'LOCATIE_NAAM': 'Beerenberg', 'STRAAT': None, 'HUISNUMMER': None, 'HUISNUMMER_TOEVOEGING': None, 'POSTCODE': None, 'PLAATSNAAM': None, 'COORDINATEN': None, 'LOCATIE_TYPE': 'WP'}, {'LOCATIE_ID': 7, 'LOCATIE_NAAM': 'Emma Piramide', 'STRAAT': None, 'HUISNUMMER': None, 'HUISNUMMER_TOEVOEGING': None, 'POSTCODE': None, 'PLAATSNAAM': None, 'COORDINATEN': None, 'LOCATIE_TYPE': 'WP'}, {'LOCATIE_ID': 8, 'LOCATIE_NAAM': 'IPC', 'STRAAT': None, 'HUISNUMMER': None, 'HUISNUMMER_TOEVOEGING': None, 'POSTCODE': None, 'PLAATSNAAM': None, 'COORDINATEN': None, 'LOCATIE_TYPE': 'WP'}, {'LOCATIE_ID': 9, 'LOCATIE_NAAM': 'Planken Wambuis', 'STRAAT': None, 'HUISNUMMER': None, 'HUISNUMMER_TOEVOEGING': None, 'POSTCODE': None, 'PLAATSNAAM': None, 'COORDINATEN': None, 'LOCATIE_TYPE': 'WP'}, {'LOCATIE_ID': 10, 'LOCATIE_NAAM': 'Campus WUR', 'STRAAT': None, 'HUISNUMMER': None, 'HUISNUMMER_TOEVOEGING': None, 'POSTCODE': None, 'PLAATSNAAM': None, 'COORDINATEN': None, 'LOCATIE_TYPE': 'WP'}]","[{'EVENEMENT_ID': 2, 'NAAM': 'Veluweloop 2018', 'DATUM': datetime.date(2018, 10, 12), 'LOOPROUTE_ID': None}, {'EVENEMENT_ID': 3, 'NAAM': 'Veluweloop 2019', 'DATUM': datetime.date(2019, 10, 1), 'LOOPROUTE_ID': None}, {'EVENEMENT_ID': 4, 'NAAM': 'Veluweloop 2020', 'DATUM': datetime.date(2020, 10, 10), 'LOOPROUTE_ID': 3}, {'EVENEMENT_ID': 5, 'NAAM': 'Veluweloop 2021', 'DATUM': datetime.date(2021, 10, 9), 'LOOPROUTE_ID': 4}]"
2021-09-12T14:35:46+02:00,competition,checkpoint_list,"[{'LOCATIE_ID': 1, 'LOCATIE_NAAM': 'De Bongerd', 'STRAAT': None, 'HUISNUMMER': None, 'HUISNUMMER_TOEVOEGING': None, 'POSTCODE': '', 'PLAATSNAAM': '', 'COORDINATEN': None, 'LOCATIE_TYPE': 'WP'}, {'LOCATIE_ID': 2, 'LOCATIE_NAAM': 'Oostereng', 'STRAAT': None, 'HUISNUMMER': None, 'HUISNUMMER_TOEVOEGING': None, 'POSTCODE': None, 'PLAATSNAAM': None, 'COORDINATEN': None, 'LOCATIE_TYPE': 'WP'}, {'LOCATIE_ID': 3, 'LOCATIE_NAAM': 'Gelderse Roos', 'STRAAT': None, 'HUISNUMMER': None, 'HUISNUMMER_TOEVOEGING': None, 'POSTCODE': None, 'PLAATSNAAM': None, 'COORDINATEN': None, 'LOCATIE_TYPE': 'WP'}, {'LOCATIE_ID': 4, 'LOCATIE_NAAM': 'De Petteflet', 'STRAAT': None, 'HUISNUMMER': None, 'HUISNUMMER_TOEVOEGING': None, 'POSTCODE': None, 'PLAATSNAAM': None, 'COORDINATEN': None, 'LOCATIE_TYPE': 'WP'}, {'LOCATIE_ID': 5, 'LOCATIE_NAAM': 'Vredenoord', 'STRAAT': None, 'HUISNUMMER': None, 'HUISNUMMER_TOEVOEGING': None, 'POSTCODE': None, 'PLAATSNAAM': None, 'COORDINATEN': None, 'LOCATIE_TYPE': 'WP'}, {'LOCATIE_ID': 6, 'LOCATIE_NAAM': 'Beerenberg', 'STRAAT': None, 'HUISNUMMER': None, 'HUISNUMMER_TOEVOEGING': None, 'POSTCODE': None, 'PLAATSNAAM': None, 'COORDINATEN': None, 'LOCATIE_TYPE': 'WP'}, {'LOCATIE_ID': 7, 'LOCATIE_NAAM': 'Emma Piramide', 'STRAAT': None, 'HUISNUMMER': None, 'HUISNUMMER_TOEVOEGING': None, 'POSTCODE': None, 'PLAATSNAAM': None, 'COORDINATEN': None, 'LOCATIE_TYPE': 'WP'}, {'LOCATIE_ID': 8, 'LOCATIE_NAAM': 'IPC', 'STRAAT': None, 'HUISNUMMER': None, 'HUISNUMMER_TOEVOEGING': None, 'POSTCODE': None, 'PLAATSNAAM': None, 'COORDINATEN': None, 'LOCATIE_TYPE': 'WP'}, {'LOCATIE_ID': 9, 'LOCATIE_NAAM': 'Planken Wambuis', 'STRAAT': None, 'HUISNUMMER': None, 'HUISNUMMER_TOEVOEGING': None, 'POSTCODE': None, 'PLAATSNAAM': None, 'COORDINATEN': None, 'LOCATIE_TYPE': 'WP'}, {'LOCATIE_ID': 10, 'LOCATIE_NAAM': 'Campus WUR', 'STRAAT': None, 'HUISNUMMER': None, 'HUISNUMMER_TOEVOEGING': None, 'POSTCODE': None, 'PLAATSNAAM': None, 'COORDINATEN': None, 'LOCATIE_TYPE': 'WP'}]","[{'EVENEMENT_ID': 2, 'NAAM': 'Veluweloop 2018', 'DATUM': datetime.date(2018, 10, 12), 'LOOPROUTE_ID': None}, {'EVENEMENT_ID': 3, 'NAAM': 'Veluweloop 2019', 'DATUM': datetime.date(2019, 10, 1), 'LOOPROUTE_ID': None}, {'EVENEMENT_ID': 4, 'NAAM': 'Veluweloop 2020', 'DATUM': datetime.date(2020, 10, 10), 'LOOPROUTE_ID': 3}, {'EVENEMENT_ID': 5, 'NAAM': 'Veluweloop 2021', 'DATUM': datetime.date(2021, 10, 9), 'LOOPROUTE_ID': 4}]"
2021-09-12T14:37:16+02:00,system,id,Na,ERROR000000000
2021-09-12T14:58:26+02:00,system,internet,Na,TRUE
2021-09-12T14:58:26+02:00,competition,checkpoint_list,Na,"[{'LOCATIE_ID': 1, 'LOCATIE_NAAM': 'De Bongerd', 'STRAAT': None, 'HUISNUMMER': None, 'HUISNUMMER_TOEVOEGING': None, 'POSTCODE': '', 'PLAATSNAAM': '', 'COORDINATEN': None, 'LOCATIE_TYPE': 'WP'}, {'LOCATIE_ID': 2, 'LOCATIE_NAAM': 'Oostereng', 'STRAAT': None, 'HUISNUMMER': None, 'HUISNUMMER_TOEVOEGING': None, 'POSTCODE': None, 'PLAATSNAAM': None, 'COORDINATEN': None, 'LOCATIE_TYPE': 'WP'}, {'LOCATIE_ID': 3, 'LOCATIE_NAAM': 'Gelderse Roos', 'STRAAT': None, 'HUISNUMMER': None, 'HUISNUMMER_TOEVOEGING': None, 'POSTCODE': None, 'PLAATSNAAM': None, 'COORDINATEN': None, 'LOCATIE_TYPE': 'WP'}, {'LOCATIE_ID': 4, 'LOCATIE_NAAM': 'De Petteflet', 'STRAAT': None, 'HUISNUMMER': None, 'HUISNUMMER_TOEVOEGING': None, 'POSTCODE': None, 'PLAATSNAAM': None, 'COORDINATEN': None, 'LOCATIE_TYPE': 'WP'}, {'LOCATIE_ID': 5, 'LOCATIE_NAAM': 'Vredenoord', 'STRAAT': None, 'HUISNUMMER': None, 'HUISNUMMER_TOEVOEGING': None, 'POSTCODE': None, 'PLAATSNAAM': None, 'COORDINATEN': None, 'LOCATIE_TYPE': 'WP'}, {'LOCATIE_ID': 6, 'LOCATIE_NAAM': 'Beerenberg', 'STRAAT': None, 'HUISNUMMER': None, 'HUISNUMMER_TOEVOEGING': None, 'POSTCODE': None, 'PLAATSNAAM': None, 'COORDINATEN': None, 'LOCATIE_TYPE': 'WP'}, {'LOCATIE_ID': 7, 'LOCATIE_NAAM': 'Emma Piramide', 'STRAAT': None, 'HUISNUMMER': None, 'HUISNUMMER_TOEVOEGING': None, 'POSTCODE': None, 'PLAATSNAAM': None, 'COORDINATEN': None, 'LOCATIE_TYPE': 'WP'}, {'LOCATIE_ID': 8, 'LOCATIE_NAAM': 'IPC', 'STRAAT': None, 'HUISNUMMER': None, 'HUISNUMMER_TOEVOEGING': None, 'POSTCODE': None, 'PLAATSNAAM': None, 'COORDINATEN': None, 'LOCATIE_TYPE': 'WP'}, {'LOCATIE_ID': 9, 'LOCATIE_NAAM': 'Planken Wambuis', 'STRAAT': None, 'HUISNUMMER': None, 'HUISNUMMER_TOEVOEGING': None, 'POSTCODE': None, 'PLAATSNAAM': None, 'COORDINATEN': None, 'LOCATIE_TYPE': 'WP'}, {'LOCATIE_ID': 10, 'LOCATIE_NAAM': 'Campus WUR', 'STRAAT': None, 'HUISNUMMER': None, 'HUISNUMMER_TOEVOEGING': None, 'POSTCODE': None, 'PLAATSNAAM': None, 'COORDINATEN': None, 'LOCATIE_TYPE': 'WP'}]"
2021-09-12T14:59:19+02:00,competition,checkpoint,Na,"{'LOCATIE_ID': 2, 'LOCATIE_NAAM': 'Oostereng', 'STRAAT': None, 'HUISNUMMER': None, 'HUISNUMMER_TOEVOEGING': None, 'POSTCODE': None, 'PLAATSNAAM': None, 'COORDINATEN': None, 'LOCATIE_TYPE': 'WP'}"
2021-09-12T15:29:32+02:00,competition,checkpointteam,Na,N
2021-09-14T10:56:03+02:00,competition,checkpoint,demo-point,"{'LOCATIE_ID': 4, 'LOCATIE_NAAM': 'De Petteflet', 'STRAAT': None, 'HUISNUMMER': None, 'HUISNUMMER_TOEVOEGING': None, 'POSTCODE': None, 'PLAATSNAAM': None, 'COORDINATEN': None, 'LOCATIE_TYPE': 'WP'}"
2021-09-14T10:58:29+02:00,competition,checkpoint,"{'LOCATIE_ID': 4, 'LOCATIE_NAAM': 'De Petteflet', 'STRAAT': None, 'HUISNUMMER': None, 'HUISNUMMER_TOEVOEGING': None, 'POSTCODE': None, 'PLAATSNAAM': None, 'COORDINATEN': None, 'LOCATIE_TYPE': 'WP'}","{'LOCATIE_ID': 6, 'LOCATIE_NAAM': 'Beerenberg', 'STRAAT': None, 'HUISNUMMER': None, 'HUISNUMMER_TOEVOEGING': None, 'POSTCODE': None, 'PLAATSNAAM': None, 'COORDINATEN': None, 'LOCATIE_TYPE': 'WP'}"
2021-09-14T11:00:21+02:00,competition,checkpoint,"{'LOCATIE_ID': 6, 'LOCATIE_NAAM': 'Beerenberg', 'STRAAT': None, 'HUISNUMMER': None, 'HUISNUMMER_TOEVOEGING': None, 'POSTCODE': None, 'PLAATSNAAM': None, 'COORDINATEN': None, 'LOCATIE_TYPE': 'WP'}","{'LOCATIE_ID': 4, 'LOCATIE_NAAM': 'De Petteflet', 'STRAAT': None, 'HUISNUMMER': None, 'HUISNUMMER_TOEVOEGING': None, 'POSTCODE': None, 'PLAATSNAAM': None, 'COORDINATEN': None, 'LOCATIE_TYPE': 'WP'}"
2021-09-14T11:02:23+02:00,competition,checkpoint,"{'LOCATIE_ID': 4, 'LOCATIE_NAAM': 'De Petteflet', 'STRAAT': None, 'HUISNUMMER': None, 'HUISNUMMER_TOEVOEGING': None, 'POSTCODE': None, 'PLAATSNAAM': None, 'COORDINATEN': None, 'LOCATIE_TYPE': 'WP'}","{'LOCATIE_ID': 6, 'LOCATIE_NAAM': 'Beerenberg', 'STRAAT': None, 'HUISNUMMER': None, 'HUISNUMMER_TOEVOEGING': None, 'POSTCODE': None, 'PLAATSNAAM': None, 'COORDINATEN': None, 'LOCATIE_TYPE': 'WP'}"
2021-09-14T11:03:53+02:00,competition,checkpoint,"{'LOCATIE_ID': 6, 'LOCATIE_NAAM': 'Beerenberg', 'STRAAT': None, 'HUISNUMMER': None, 'HUISNUMMER_TOEVOEGING': None, 'POSTCODE': None, 'PLAATSNAAM': None, 'COORDINATEN': None, 'LOCATIE_TYPE': 'WP'}","{'LOCATIE_ID': 5, 'LOCATIE_NAAM': 'Vredenoord', 'STRAAT': None, 'HUISNUMMER': None, 'HUISNUMMER_TOEVOEGING': None, 'POSTCODE': None, 'PLAATSNAAM': None, 'COORDINATEN': None, 'LOCATIE_TYPE': 'WP'}"
2021-09-14T11:04:48+02:00,competition,checkpoint,"{'LOCATIE_ID': 5, 'LOCATIE_NAAM': 'Vredenoord', 'STRAAT': None, 'HUISNUMMER': None, 'HUISNUMMER_TOEVOEGING': None, 'POSTCODE': None, 'PLAATSNAAM': None, 'COORDINATEN': None, 'LOCATIE_TYPE': 'WP'}",Vredenoord
2021-09-14T11:06:00+02:00,competition,checkpoint,Vredenoord,"{'LOCATIE_ID': 3, 'LOCATIE_NAAM': 'Gelderse Roos', 'STRAAT': None, 'HUISNUMMER': None, 'HUISNUMMER_TOEVOEGING': None, 'POSTCODE': None, 'PLAATSNAAM': None, 'COORDINATEN': None, 'LOCATIE_TYPE': 'WP'}"
2021-09-14T11:17:07+02:00,competition,checkpoint,"{'LOCATIE_ID': 3, 'LOCATIE_NAAM': 'Gelderse Roos', 'STRAAT': None, 'HUISNUMMER': None, 'HUISNUMMER_TOEVOEGING': None, 'POSTCODE': None, 'PLAATSNAAM': None, 'COORDINATEN': None, 'LOCATIE_TYPE': 'WP'}","{'LOCATIE_ID': 3, 'LOCATIE_NAAM': 'Gelderse Roos', 'STRAAT': None, 'HUISNUMMER': None, 'HUISNUMMER_TOEVOEGING': None, 'POSTCODE': None, 'PLAATSNAAM': None, 'COORDINATEN': None, 'LOCATIE_TYPE': 'WP'}"
2021-09-14T11:22:11+02:00,competition,checkpoint,"{'LOCATIE_ID': 3, 'LOCATIE_NAAM': 'Gelderse Roos', 'STRAAT': None, 'HUISNUMMER': None, 'HUISNUMMER_TOEVOEGING': None, 'POSTCODE': None, 'PLAATSNAAM': None, 'COORDINATEN': None, 'LOCATIE_TYPE': 'WP'}","{'LOCATIE_ID': 3, 'LOCATIE_NAAM': 'Gelderse Roos', 'STRAAT': None, 'HUISNUMMER': None, 'HUISNUMMER_TOEVOEGING': None, 'POSTCODE': None, 'PLAATSNAAM': None, 'COORDINATEN': None, 'LOCATIE_TYPE': 'WP'}"
2021-09-14T11:22:15+02:00,competition,checkpoint,"{'LOCATIE_ID': 3, 'LOCATIE_NAAM': 'Gelderse Roos', 'STRAAT': None, 'HUISNUMMER': None, 'HUISNUMMER_TOEVOEGING': None, 'POSTCODE': None, 'PLAATSNAAM': None, 'COORDINATEN': None, 'LOCATIE_TYPE': 'WP'}","{'LOCATIE_ID': 6, 'LOCATIE_NAAM': 'Beerenberg', 'STRAAT': None, 'HUISNUMMER': None, 'HUISNUMMER_TOEVOEGING': None, 'POSTCODE': None, 'PLAATSNAAM': None, 'COORDINATEN': None, 'LOCATIE_TYPE': 'WP'}"
2021-09-14T11:25:53+02:00,competition,LOCATIE_ID,1,6
2021-09-14T11:25:57+02:00,competition,LOCATIE_ID,6,4
2021-09-14T11:25:57+02:00,competition,checkpoint,"{'LOCATIE_ID': 6, 'LOCATIE_NAAM': 'Beerenberg', 'STRAAT': None, 'HUISNUMMER': None, 'HUISNUMMER_TOEVOEGING': None, 'POSTCODE': None, 'PLAATSNAAM': None, 'COORDINATEN': None, 'LOCATIE_TYPE': 'WP'}","{'LOCATIE_ID': 4, 'LOCATIE_NAAM': 'De Petteflet', 'STRAAT': None, 'HUISNUMMER': None, 'HUISNUMMER_TOEVOEGING': None, 'POSTCODE': None, 'PLAATSNAAM': None, 'COORDINATEN': None, 'LOCATIE_TYPE': 'WP'}"
2021-09-14T11:26:05+02:00,competition,LOCATIE_ID,4,8
2021-09-14T11:26:05+02:00,competition,checkpoint,"{'LOCATIE_ID': 4, 'LOCATIE_NAAM': 'De Petteflet', 'STRAAT': None, 'HUISNUMMER': None, 'HUISNUMMER_TOEVOEGING': None, 'POSTCODE': None, 'PLAATSNAAM': None, 'COORDINATEN': None, 'LOCATIE_TYPE': 'WP'}","{'LOCATIE_ID': 8, 'LOCATIE_NAAM': 'IPC', 'STRAAT': None, 'HUISNUMMER': None, 'HUISNUMMER_TOEVOEGING': None, 'POSTCODE': None, 'PLAATSNAAM': None, 'COORDINATEN': None, 'LOCATIE_TYPE': 'WP'}"
2021-09-16T08:09:36+02:00,competition,checkpoint_list,"[{'LOCATIE_ID': 1, 'LOCATIE_NAAM': 'De Bongerd', 'STRAAT': None, 'HUISNUMMER': None, 'HUISNUMMER_TOEVOEGING': None, 'POSTCODE': '', 'PLAATSNAAM': '', 'COORDINATEN': None, 'LOCATIE_TYPE': 'WP'}, {'LOCATIE_ID': 2, 'LOCATIE_NAAM': 'Oostereng', 'STRAAT': None, 'HUISNUMMER': None, 'HUISNUMMER_TOEVOEGING': None, 'POSTCODE': None, 'PLAATSNAAM': None, 'COORDINATEN': None, 'LOCATIE_TYPE': 'WP'}, {'LOCATIE_ID': 3, 'LOCATIE_NAAM': 'Gelderse Roos', 'STRAAT': None, 'HUISNUMMER': None, 'HUISNUMMER_TOEVOEGING': None, 'POSTCODE': None, 'PLAATSNAAM': None, 'COORDINATEN': None, 'LOCATIE_TYPE': 'WP'}, {'LOCATIE_ID': 4, 'LOCATIE_NAAM': 'De Petteflet', 'STRAAT': None, 'HUISNUMMER': None, 'HUISNUMMER_TOEVOEGING': None, 'POSTCODE': None, 'PLAATSNAAM': None, 'COORDINATEN': None, 'LOCATIE_TYPE': 'WP'}, {'LOCATIE_ID': 5, 'LOCATIE_NAAM': 'Vredenoord', 'STRAAT': None, 'HUISNUMMER': None, 'HUISNUMMER_TOEVOEGING': None, 'POSTCODE': None, 'PLAATSNAAM': None, 'COORDINATEN': None, 'LOCATIE_TYPE': 'WP'}, {'LOCATIE_ID': 6, 'LOCATIE_NAAM': 'Beerenberg', 'STRAAT': None, 'HUISNUMMER': None, 'HUISNUMMER_TOEVOEGING': None, 'POSTCODE': None, 'PLAATSNAAM': None, 'COORDINATEN': None, 'LOCATIE_TYPE': 'WP'}, {'LOCATIE_ID': 7, 'LOCATIE_NAAM': 'Emma Piramide', 'STRAAT': None, 'HUISNUMMER': None, 'HUISNUMMER_TOEVOEGING': None, 'POSTCODE': None, 'PLAATSNAAM': None, 'COORDINATEN': None, 'LOCATIE_TYPE': 'WP'}, {'LOCATIE_ID': 8, 'LOCATIE_NAAM': 'IPC', 'STRAAT': None, 'HUISNUMMER': None, 'HUISNUMMER_TOEVOEGING': None, 'POSTCODE': None, 'PLAATSNAAM': None, 'COORDINATEN': None, 'LOCATIE_TYPE': 'WP'}, {'LOCATIE_ID': 9, 'LOCATIE_NAAM': 'Planken Wambuis', 'STRAAT': None, 'HUISNUMMER': None, 'HUISNUMMER_TOEVOEGING': None, 'POSTCODE': None, 'PLAATSNAAM': None, 'COORDINATEN': None, 'LOCATIE_TYPE': 'WP'}, {'LOCATIE_ID': 10, 'LOCATIE_NAAM': 'Campus WUR', 'STRAAT': None, 'HUISNUMMER': None, 'HUISNUMMER_TOEVOEGING': None, 'POSTCODE': None, 'PLAATSNAAM': None, 'COORDINATEN': None, 'LOCATIE_TYPE': 'WP'}]","[{'ETAPPE_ID': 1, 'ETAPPE_NAAM': 'De Bongerd - Oostereng', 'LOCATIE_ID_START': 1, 'LOCATIE_ID_FINISH': 2, 'AFSTAND': Decimal('5.60')}, {'ETAPPE_ID': 2, 'ETAPPE_NAAM': 'Oostereng - Gelderse Roos', 'LOCATIE_ID_START': 2, 'LOCATIE_ID_FINISH': 3, 'AFSTAND': Decimal('7.30')}, {'ETAPPE_ID': 3, 'ETAPPE_NAAM': 'Gelderse Roos - De Petteflet', 'LOCATIE_ID_START': 3, 'LOCATIE_ID_FINISH': 4, 'AFSTAND': Decimal('9.00')}, {'ETAPPE_ID': 4, 'ETAPPE_NAAM': 'De Petteflet - Vredenoord', 'LOCATIE_ID_START': 4, 'LOCATIE_ID_FINISH': 5, 'AFSTAND': Decimal('5.10')}, {'ETAPPE_ID': 5, 'ETAPPE_NAAM': 'Vredenoord - Beerenberg', 'LOCATIE_ID_START': 5, 'LOCATIE_ID_FINISH': 6, 'AFSTAND': Decimal('8.90')}, {'ETAPPE_ID': 6, 'ETAPPE_NAAM': 'Beerenberg - Emma Piramide', 'LOCATIE_ID_START': 6, 'LOCATIE_ID_FINISH': 7, 'AFSTAND': Decimal('4.30')}, {'ETAPPE_ID': 7, 'ETAPPE_NAAM': 'Emma Piramide - IPC', 'LOCATIE_ID_START': 7, 'LOCATIE_ID_FINISH': 8, 'AFSTAND': Decimal('7.80')}, {'ETAPPE_ID': 8, 'ETAPPE_NAAM': 'IPC - Vredenoord', 'LOCATIE_ID_START': 8, 'LOCATIE_ID_FINISH': 5, 'AFSTAND': Decimal('8.10')}, {'ETAPPE_ID': 9, 'ETAPPE_NAAM': 'Vredenoord - Planken Wambuis', 'LOCATIE_ID_START': 5, 'LOCATIE_ID_FINISH': 9, 'AFSTAND': Decimal('8.10')}, {'ETAPPE_ID': 10, 'ETAPPE_NAAM': 'Planken Wambuis - Oostereng', 'LOCATIE_ID_START': 9, 'LOCATIE_ID_FINISH': 2, 'AFSTAND': Decimal('11.70')}, {'ETAPPE_ID': 11, 'ETAPPE_NAAM': 'Oostereng - Campus WUR', 'LOCATIE_ID_START': 2, 'LOCATIE_ID_FINISH': 10, 'AFSTAND': Decimal('5.80')}, {'ETAPPE_ID': 12, 'ETAPPE_NAAM': 'Campus WUR - De Bongerd', 'LOCATIE_ID_START': 10, 'LOCATIE_ID_FINISH': 1, 'AFSTAND': Decimal('4.00')}, {'ETAPPE_ID': 13, 'ETAPPE_NAAM': 'Corona - Kort', 'LOCATIE_ID_START': 5, 'LOCATIE_ID_FINISH': 5, 'AFSTAND': Decimal('5.00')}, {'ETAPPE_ID': 14, 'ETAPPE_NAAM': 'Corona - Lang', 'LOCATIE_ID_START': 5, 'LOCATIE_ID_FINISH': 5, 'AFSTAND': Decimal('8.50')}]"
2021-09-16T08:11:25+02:00,system,id,Na,ERROR000000000
2021-09-16T08:11:32+02:00,system,internet,Na,TRUE
2021-09-16T08:26:58+02:00,competition,checkpoint_list,Na,"[{'ETAPPE_ID': 1, 'ETAPPE_NAAM': 'De Bongerd - Oostereng'}, {'ETAPPE_ID': 2, 'ETAPPE_NAAM': 'Oostereng - Gelderse Roos'}, {'ETAPPE_ID': 3, 'ETAPPE_NAAM': 'Gelderse Roos - De Petteflet'}, {'ETAPPE_ID': 4, 'ETAPPE_NAAM': 'De Petteflet - Vredenoord'}, {'ETAPPE_ID': 5, 'ETAPPE_NAAM': 'Vredenoord - Beerenberg'}, {'ETAPPE_ID': 6, 'ETAPPE_NAAM': 'Beerenberg - Emma Piramide'}, {'ETAPPE_ID': 7, 'ETAPPE_NAAM': 'Emma Piramide - IPC'}, {'ETAPPE_ID': 8, 'ETAPPE_NAAM': 'IPC - Vredenoord'}, {'ETAPPE_ID': 9, 'ETAPPE_NAAM': 'Vredenoord - Planken Wambuis'}, {'ETAPPE_ID': 10, 'ETAPPE_NAAM': 'Planken Wambuis - Oostereng'}, {'ETAPPE_ID': 11, 'ETAPPE_NAAM': 'Oostereng - Campus WUR'}, {'ETAPPE_ID': 12, 'ETAPPE_NAAM': 'Campus WUR - De Bongerd'}, {'ETAPPE_ID': 13, 'ETAPPE_NAAM': 'Corona - Kort'}, {'ETAPPE_ID': 14, 'ETAPPE_NAAM': 'Corona - Lang'}]"
2021-09-16T08:34:54+02:00,competition,checkpoint,Na,"{'ETAPPE_ID': 6, 'ETAPPE_NAAM': 'Beerenberg - Emma Piramide'}"
2021-09-16T08:34:58+02:00,competition,checkpoint,"{'ETAPPE_ID': 6, 'ETAPPE_NAAM': 'Beerenberg - Emma Piramide'}","{'ETAPPE_ID': 7, 'ETAPPE_NAAM': 'Emma Piramide - IPC'}"
2021-09-16T08:35:02+02:00,competition,checkpoint,"{'ETAPPE_ID': 7, 'ETAPPE_NAAM': 'Emma Piramide - IPC'}","{'ETAPPE_ID': 1, 'ETAPPE_NAAM': 'De Bongerd - Oostereng'}"
2021-09-16T08:36:35+02:00,competition,checkpoint_list,"[{'ETAPPE_ID': 1, 'ETAPPE_NAAM': 'De Bongerd - Oostereng'}, {'ETAPPE_ID': 2, 'ETAPPE_NAAM': 'Oostereng - Gelderse Roos'}, {'ETAPPE_ID': 3, 'ETAPPE_NAAM': 'Gelderse Roos - De Petteflet'}, {'ETAPPE_ID': 4, 'ETAPPE_NAAM': 'De Petteflet - Vredenoord'}, {'ETAPPE_ID': 5, 'ETAPPE_NAAM': 'Vredenoord - Beerenberg'}, {'ETAPPE_ID': 6, 'ETAPPE_NAAM': 'Beerenberg - Emma Piramide'}, {'ETAPPE_ID': 7, 'ETAPPE_NAAM': 'Emma Piramide - IPC'}, {'ETAPPE_ID': 8, 'ETAPPE_NAAM': 'IPC - Vredenoord'}, {'ETAPPE_ID': 9, 'ETAPPE_NAAM': 'Vredenoord - Planken Wambuis'}, {'ETAPPE_ID': 10, 'ETAPPE_NAAM': 'Planken Wambuis - Oostereng'}, {'ETAPPE_ID': 11, 'ETAPPE_NAAM': 'Oostereng - Campus WUR'}, {'ETAPPE_ID': 12, 'ETAPPE_NAAM': 'Campus WUR - De Bongerd'}, {'ETAPPE_ID': 13, 'ETAPPE_NAAM': 'Corona - Kort'}, {'ETAPPE_ID': 14, 'ETAPPE_NAAM': 'Corona - Lang'}]","[{'ETAPPE_ID': 1, 'ETAPPE_NAAM': 'De Bongerd - Oostereng', 'LOCATIE_ID_FINISH': 2}, {'ETAPPE_ID': 2, 'ETAPPE_NAAM': 'Oostereng - Gelderse Roos', 'LOCATIE_ID_FINISH': 3}, {'ETAPPE_ID': 3, 'ETAPPE_NAAM': 'Gelderse Roos - De Petteflet', 'LOCATIE_ID_FINISH': 4}, {'ETAPPE_ID': 4, 'ETAPPE_NAAM': 'De Petteflet - Vredenoord', 'LOCATIE_ID_FINISH': 5}, {'ETAPPE_ID': 5, 'ETAPPE_NAAM': 'Vredenoord - Beerenberg', 'LOCATIE_ID_FINISH': 6}, {'ETAPPE_ID': 6, 'ETAPPE_NAAM': 'Beerenberg - Emma Piramide', 'LOCATIE_ID_FINISH': 7}, {'ETAPPE_ID': 7, 'ETAPPE_NAAM': 'Emma Piramide - IPC', 'LOCATIE_ID_FINISH': 8}, {'ETAPPE_ID': 8, 'ETAPPE_NAAM': 'IPC - Vredenoord', 'LOCATIE_ID_FINISH': 5}, {'ETAPPE_ID': 9, 'ETAPPE_NAAM': 'Vredenoord - Planken Wambuis', 'LOCATIE_ID_FINISH': 9}, {'ETAPPE_ID': 10, 'ETAPPE_NAAM': 'Planken Wambuis - Oostereng', 'LOCATIE_ID_FINISH': 2}, {'ETAPPE_ID': 11, 'ETAPPE_NAAM': 'Oostereng - Campus WUR', 'LOCATIE_ID_FINISH': 10}, {'ETAPPE_ID': 12, 'ETAPPE_NAAM': 'Campus WUR - De Bongerd', 'LOCATIE_ID_FINISH': 1}, {'ETAPPE_ID': 13, 'ETAPPE_NAAM': 'Corona - Kort', 'LOCATIE_ID_FINISH': 5}, {'ETAPPE_ID': 14, 'ETAPPE_NAAM': 'Corona - Lang', 'LOCATIE_ID_FINISH': 5}]"
2021-09-16T08:37:03+02:00,competition,LOCATIE_ID,1,4
2021-09-16T08:37:03+02:00,competition,checkpoint,"{'ETAPPE_ID': 1, 'ETAPPE_NAAM': 'De Bongerd - Oostereng'}","{'ETAPPE_ID': 3, 'ETAPPE_NAAM': 'Gelderse Roos - De Petteflet', 'LOCATIE_ID_FINISH': 4}"
2021-09-16T08:37:07+02:00,competition,LOCATIE_ID,4,2
2021-09-16T08:37:07+02:00,competition,checkpoint,"{'ETAPPE_ID': 3, 'ETAPPE_NAAM': 'Gelderse Roos - De Petteflet', 'LOCATIE_ID_FINISH': 4}","{'ETAPPE_ID': 10, 'ETAPPE_NAAM': 'Planken Wambuis - Oostereng', 'LOCATIE_ID_FINISH': 2}"
2021-09-16T08:37:18+02:00,competition,LOCATIE_ID,2,5
2021-09-16T08:37:18+02:00,competition,checkpoint,"{'ETAPPE_ID': 10, 'ETAPPE_NAAM': 'Planken Wambuis - Oostereng', 'LOCATIE_ID_FINISH': 2}","{'ETAPPE_ID': 8, 'ETAPPE_NAAM': 'IPC - Vredenoord', 'LOCATIE_ID_FINISH': 5}"
2021-09-16T21:21:51+02:00,competition,checkpointteam,Na,Wisselpunt Bravo
2021-09-21T08:31:41+02:00,competition,checkpoint_list,"[{'ETAPPE_ID': 1, 'ETAPPE_NAAM': 'De Bongerd - Oostereng', 'LOCATIE_ID_FINISH': 2}, {'ETAPPE_ID': 2, 'ETAPPE_NAAM': 'Oostereng - Gelderse Roos', 'LOCATIE_ID_FINISH': 3}, {'ETAPPE_ID': 3, 'ETAPPE_NAAM': 'Gelderse Roos - De Petteflet', 'LOCATIE_ID_FINISH': 4}, {'ETAPPE_ID': 4, 'ETAPPE_NAAM': 'De Petteflet - Vredenoord', 'LOCATIE_ID_FINISH': 5}, {'ETAPPE_ID': 5, 'ETAPPE_NAAM': 'Vredenoord - Beerenberg', 'LOCATIE_ID_FINISH': 6}, {'ETAPPE_ID': 6, 'ETAPPE_NAAM': 'Beerenberg - Emma Piramide', 'LOCATIE_ID_FINISH': 7}, {'ETAPPE_ID': 7, 'ETAPPE_NAAM': 'Emma Piramide - IPC', 'LOCATIE_ID_FINISH': 8}, {'ETAPPE_ID': 8, 'ETAPPE_NAAM': 'IPC - Vredenoord', 'LOCATIE_ID_FINISH': 5}, {'ETAPPE_ID': 9, 'ETAPPE_NAAM': 'Vredenoord - Planken Wambuis', 'LOCATIE_ID_FINISH': 9}, {'ETAPPE_ID': 10, 'ETAPPE_NAAM': 'Planken Wambuis - Oostereng', 'LOCATIE_ID_FINISH': 2}, {'ETAPPE_ID': 11, 'ETAPPE_NAAM': 'Oostereng - Campus WUR', 'LOCATIE_ID_FINISH': 10}, {'ETAPPE_ID': 12, 'ETAPPE_NAAM': 'Campus WUR - De Bongerd', 'LOCATIE_ID_FINISH': 1}, {'ETAPPE_ID': 13, 'ETAPPE_NAAM': 'Corona - Kort', 'LOCATIE_ID_FINISH': 5}, {'ETAPPE_ID': 14, 'ETAPPE_NAAM': 'Corona - Lang', 'LOCATIE_ID_FINISH': 5}]","[{'ETAPPE_VOLGNUMMER': 1, 'AFSTAND': Decimal('5.6'), 'ETAPPE_NAAM': 'De Bongerd - Oostereng', 'MAN_VROUW': 'M'}, {'ETAPPE_VOLGNUMMER': 2, 'AFSTAND': Decimal('7.3'), 'ETAPPE_NAAM': 'Oostereng - Gelderse Roos', 'MAN_VROUW': 'M'}, {'ETAPPE_VOLGNUMMER': 3, 'AFSTAND': Decimal('9.0'), 'ETAPPE_NAAM': 'Gelderse Roos - De Petteflet', 'MAN_VROUW': 'M'}, {'ETAPPE_VOLGNUMMER': 4, 'AFSTAND': Decimal('5.1'), 'ETAPPE_NAAM': 'De Petteflet - Vredenoord', 'MAN_VROUW': 'V'}, {'ETAPPE_VOLGNUMMER': 5, 'AFSTAND': Decimal('8.9'), 'ETAPPE_NAAM': 'Vredenoord - Beerenberg', 'MAN_VROUW': 'M'}, {'ETAPPE_VOLGNUMMER': 6, 'AFSTAND': Decimal('4.3'), 'ETAPPE_NAAM': 'Beerenberg - Emma Piramide', 'MAN_VROUW': 'V'}, {'ETAPPE_VOLGNUMMER': 7, 'AFSTAND': Decimal('7.8'), 'ETAPPE_NAAM': 'Emma Piramide - IPC', 'MAN_VROUW': 'M'}, {'ETAPPE_VOLGNUMMER': 8, 'AFSTAND': Decimal('8.1'), 'ETAPPE_NAAM': 'IPC - Vredenoord', 'MAN_VROUW': 'M'}, {'ETAPPE_VOLGNUMMER': 9, 'AFSTAND': Decimal('8.1'), 'ETAPPE_NAAM': 'Vredenoord - Planken Wambuis', 'MAN_VROUW': 'V'}, {'ETAPPE_VOLGNUMMER': 10, 'AFSTAND': Decimal('11.7'), 'ETAPPE_NAAM': 'Planken Wambuis - Oostereng', 'MAN_VROUW': 'M'}, {'ETAPPE_VOLGNUMMER': 11, 'AFSTAND': Decimal('5.8'), 'ETAPPE_NAAM': 'Oostereng - Campus WUR', 'MAN_VROUW': 'V'}, {'ETAPPE_VOLGNUMMER': 12, 'AFSTAND': Decimal('4.0'), 'ETAPPE_NAAM': 'Campus WUR - De Bongerd', 'MAN_VROUW': 'V'}]"
2021-09-21T08:32:56+02:00,system,id,Na,ERROR000000000
2021-09-21T08:33:02+02:00,system,internet,Na,TRUE
2021-09-21T08:40:01+02:00,competition,checkpoint_list,Na,"[{'ETAPPE_VOLGNUMMER': 1, 'AFSTAND': Decimal('5.6'), 'ETAPPE_NAAM': 'De Bongerd - Oostereng', 'MAN_VROUW': 'M'}, {'ETAPPE_VOLGNUMMER': 2, 'AFSTAND': Decimal('7.3'), 'ETAPPE_NAAM': 'Oostereng - Gelderse Roos', 'MAN_VROUW': 'M'}, {'ETAPPE_VOLGNUMMER': 3, 'AFSTAND': Decimal('9.0'), 'ETAPPE_NAAM': 'Gelderse Roos - De Petteflet', 'MAN_VROUW': 'M'}, {'ETAPPE_VOLGNUMMER': 4, 'AFSTAND': Decimal('5.1'), 'ETAPPE_NAAM': 'De Petteflet - Vredenoord', 'MAN_VROUW': 'V'}, {'ETAPPE_VOLGNUMMER': 5, 'AFSTAND': Decimal('8.9'), 'ETAPPE_NAAM': 'Vredenoord - Beerenberg', 'MAN_VROUW': 'M'}, {'ETAPPE_VOLGNUMMER': 6, 'AFSTAND': Decimal('4.3'), 'ETAPPE_NAAM': 'Beerenberg - Emma Piramide', 'MAN_VROUW': 'V'}, {'ETAPPE_VOLGNUMMER': 7, 'AFSTAND': Decimal('7.8'), 'ETAPPE_NAAM': 'Emma Piramide - IPC', 'MAN_VROUW': 'M'}, {'ETAPPE_VOLGNUMMER': 8, 'AFSTAND': Decimal('8.1'), 'ETAPPE_NAAM': 'IPC - Vredenoord', 'MAN_VROUW': 'M'}, {'ETAPPE_VOLGNUMMER': 9, 'AFSTAND': Decimal('8.1'), 'ETAPPE_NAAM': 'Vredenoord - Planken Wambuis', 'MAN_VROUW': 'V'}, {'ETAPPE_VOLGNUMMER': 10, 'AFSTAND': Decimal('11.7'), 'ETAPPE_NAAM': 'Planken Wambuis - Oostereng', 'MAN_VROUW': 'M'}, {'ETAPPE_VOLGNUMMER': 11, 'AFSTAND': Decimal('5.8'), 'ETAPPE_NAAM': 'Oostereng - Campus WUR', 'MAN_VROUW': 'V'}, {'ETAPPE_VOLGNUMMER': 12, 'AFSTAND': Decimal('4.0'), 'ETAPPE_NAAM': 'Campus WUR - De Bongerd', 'MAN_VROUW': 'V'}]"
2021-09-21T08:45:29+02:00,system,id,Na,ERROR000000000
2021-09-21T08:45:35+02:00,system,internet,Na,TRUE
2021-09-21T08:56:58+02:00,competition,checkpoint_list,Na,"[{'EVENEMENT_ID': 5, 'NAAM': 'Veluweloop 2021', 'DATUM': datetime.date(2021, 10, 9), 'LOOPROUTE_ID': 4}]"
2021-09-21T08:58:47+02:00,competition,checkpoint_list,Na,"[{'ETAPPE_ID': 1, 'ETAPPE_NAAM': 'De Bongerd - Oostereng', 'LOCATIE_ID_FINISH': 2}, {'ETAPPE_ID': 2, 'ETAPPE_NAAM': 'Oostereng - Gelderse Roos', 'LOCATIE_ID_FINISH': 3}, {'ETAPPE_ID': 3, 'ETAPPE_NAAM': 'Gelderse Roos - De Petteflet', 'LOCATIE_ID_FINISH': 4}, {'ETAPPE_ID': 4, 'ETAPPE_NAAM': 'De Petteflet - Vredenoord', 'LOCATIE_ID_FINISH': 5}, {'ETAPPE_ID': 5, 'ETAPPE_NAAM': 'Vredenoord - Beerenberg', 'LOCATIE_ID_FINISH': 6}, {'ETAPPE_ID': 6, 'ETAPPE_NAAM': 'Beerenberg - Emma Piramide', 'LOCATIE_ID_FINISH': 7}, {'ETAPPE_ID': 7, 'ETAPPE_NAAM': 'Emma Piramide - IPC', 'LOCATIE_ID_FINISH': 8}, {'ETAPPE_ID': 8, 'ETAPPE_NAAM': 'IPC - Vredenoord', 'LOCATIE_ID_FINISH': 5}, {'ETAPPE_ID': 9, 'ETAPPE_NAAM': 'Vredenoord - Planken Wambuis', 'LOCATIE_ID_FINISH': 9}, {'ETAPPE_ID': 10, 'ETAPPE_NAAM': 'Planken Wambuis - Oostereng', 'LOCATIE_ID_FINISH': 2}, {'ETAPPE_ID': 11, 'ETAPPE_NAAM': 'Oostereng - Campus WUR', 'LOCATIE_ID_FINISH': 10}, {'ETAPPE_ID': 12, 'ETAPPE_NAAM': 'Campus WUR - De Bongerd', 'LOCATIE_ID_FINISH': 1}, {'ETAPPE_ID': 13, 'ETAPPE_NAAM': 'Corona - Kort', 'LOCATIE_ID_FINISH': 5}, {'ETAPPE_ID': 14, 'ETAPPE_NAAM': 'Corona - Lang', 'LOCATIE_ID_FINISH': 5}]"
2021-09-21T09:02:23+02:00,competition,checkpoint_list,"[{'ETAPPE_ID': 1, 'ETAPPE_NAAM': 'De Bongerd - Oostereng', 'LOCATIE_ID_FINISH': 2}, {'ETAPPE_ID': 2, 'ETAPPE_NAAM': 'Oostereng - Gelderse Roos', 'LOCATIE_ID_FINISH': 3}, {'ETAPPE_ID': 3, 'ETAPPE_NAAM': 'Gelderse Roos - De Petteflet', 'LOCATIE_ID_FINISH': 4}, {'ETAPPE_ID': 4, 'ETAPPE_NAAM': 'De Petteflet - Vredenoord', 'LOCATIE_ID_FINISH': 5}, {'ETAPPE_ID': 5, 'ETAPPE_NAAM': 'Vredenoord - Beerenberg', 'LOCATIE_ID_FINISH': 6}, {'ETAPPE_ID': 6, 'ETAPPE_NAAM': 'Beerenberg - Emma Piramide', 'LOCATIE_ID_FINISH': 7}, {'ETAPPE_ID': 7, 'ETAPPE_NAAM': 'Emma Piramide - IPC', 'LOCATIE_ID_FINISH': 8}, {'ETAPPE_ID': 8, 'ETAPPE_NAAM': 'IPC - Vredenoord', 'LOCATIE_ID_FINISH': 5}, {'ETAPPE_ID': 9, 'ETAPPE_NAAM': 'Vredenoord - Planken Wambuis', 'LOCATIE_ID_FINISH': 9}, {'ETAPPE_ID': 10, 'ETAPPE_NAAM': 'Planken Wambuis - Oostereng', 'LOCATIE_ID_FINISH': 2}, {'ETAPPE_ID': 11, 'ETAPPE_NAAM': 'Oostereng - Campus WUR', 'LOCATIE_ID_FINISH': 10}, {'ETAPPE_ID': 12, 'ETAPPE_NAAM': 'Campus WUR - De Bongerd', 'LOCATIE_ID_FINISH': 1}, {'ETAPPE_ID': 13, 'ETAPPE_NAAM': 'Corona - Kort', 'LOCATIE_ID_FINISH': 5}, {'ETAPPE_ID': 14, 'ETAPPE_NAAM': 'Corona - Lang', 'LOCATIE_ID_FINISH': 5}]","[{'EVENEMENT_ID': 2, 'NAAM': 'Veluweloop 2018', 'DATUM': datetime.date(2018, 10, 12), 'LOOPROUTE_ID': None}, {'EVENEMENT_ID': 3, 'NAAM': 'Veluweloop 2019', 'DATUM': datetime.date(2019, 10, 1), 'LOOPROUTE_ID': None}, {'EVENEMENT_ID': 4, 'NAAM': 'Veluweloop 2020', 'DATUM': datetime.date(2020, 10, 10), 'LOOPROUTE_ID': 3}, {'EVENEMENT_ID': 5, 'NAAM': 'Veluweloop 2021', 'DATUM': datetime.date(2021, 10, 9), 'LOOPROUTE_ID': 4}]"
2021-09-21T09:03:56+02:00,competition,checkpoint_list,Na,"[{'NAAM': 'Veluweloop 2018'}, {'NAAM': 'Veluweloop 2019'}, {'NAAM': 'Veluweloop 2020'}, {'NAAM': 'Veluweloop 2021'}]"
2021-09-21T09:06:28+02:00,system,internet,TRUE,FALSE
2021-09-21T09:06:30+02:00,system,internet,FALSE,TRUE
2021-09-21T09:06:55+02:00,system,internet,TRUE,FALSE
2021-09-21T09:07:00+02:00,system,internet,FALSE,TRUE
2021-09-21T09:11:02+02:00,competition,checkpoint_list,"[{'NAAM': 'Veluweloop 2018'}, {'NAAM': 'Veluweloop 2019'}, {'NAAM': 'Veluweloop 2020'}, {'NAAM': 'Veluweloop 2021'}]",[{'NAAM': 'Veluweloop 2021'}]
2021-09-21T09:33:19+02:00,competition,checkpoint_list,[{'NAAM': 'Veluweloop 2021'}],[{'NAAM': 'Veluweloop 2020'}]
2021-09-21T09:34:11+02:00,competition,checkpoint_list,[{'NAAM': 'Veluweloop 2020'}],[{'NAAM': 'Veluweloop 2021'}]
2021-09-21T09:35:14+02:00,competition,checkpoint_list,[{'NAAM': 'Veluweloop 2021'}],"[{'NAAM': 'Veluweloop 2021'}, {'NAAM': 'Veluweloop 2021'}, {'NAAM': 'Veluweloop 2021'}, {'NAAM': 'Veluweloop 2021'}, {'NAAM': 'Veluweloop 2021'}, {'NAAM': 'Veluweloop 2021'}, {'NAAM': 'Veluweloop 2021'}, {'NAAM': 'Veluweloop 2021'}, {'NAAM': 'Veluweloop 2021'}, {'NAAM': 'Veluweloop 2021'}, {'NAAM': 'Veluweloop 2021'}, {'NAAM': 'Veluweloop 2021'}]"
2021-09-21T09:36:30+02:00,competition,checkpoint_list,"[{'NAAM': 'Veluweloop 2021'}, {'NAAM': 'Veluweloop 2021'}, {'NAAM': 'Veluweloop 2021'}, {'NAAM': 'Veluweloop 2021'}, {'NAAM': 'Veluweloop 2021'}, {'NAAM': 'Veluweloop 2021'}, {'NAAM': 'Veluweloop 2021'}, {'NAAM': 'Veluweloop 2021'}, {'NAAM': 'Veluweloop 2021'}, {'NAAM': 'Veluweloop 2021'}, {'NAAM': 'Veluweloop 2021'}, {'NAAM': 'Veluweloop 2021'}]","[{'ETAPPE_VOLGNUMMER': 1, 'AFSTAND': Decimal('5.6'), 'ETAPPE_NAAM': 'De Bongerd - Oostereng', 'MAN_VROUW': 'M'}, {'ETAPPE_VOLGNUMMER': 2, 'AFSTAND': Decimal('7.3'), 'ETAPPE_NAAM': 'Oostereng - Gelderse Roos', 'MAN_VROUW': 'M'}, {'ETAPPE_VOLGNUMMER': 3, 'AFSTAND': Decimal('9.0'), 'ETAPPE_NAAM': 'Gelderse Roos - De Petteflet', 'MAN_VROUW': 'M'}, {'ETAPPE_VOLGNUMMER': 4, 'AFSTAND': Decimal('5.1'), 'ETAPPE_NAAM': 'De Petteflet - Vredenoord', 'MAN_VROUW': 'V'}, {'ETAPPE_VOLGNUMMER': 5, 'AFSTAND': Decimal('8.9'), 'ETAPPE_NAAM': 'Vredenoord - Beerenberg', 'MAN_VROUW': 'M'}, {'ETAPPE_VOLGNUMMER': 6, 'AFSTAND': Decimal('4.3'), 'ETAPPE_NAAM': 'Beerenberg - Emma Piramide', 'MAN_VROUW': 'V'}, {'ETAPPE_VOLGNUMMER': 7, 'AFSTAND': Decimal('7.8'), 'ETAPPE_NAAM': 'Emma Piramide - IPC', 'MAN_VROUW': 'M'}, {'ETAPPE_VOLGNUMMER': 8, 'AFSTAND': Decimal('8.1'), 'ETAPPE_NAAM': 'IPC - Vredenoord', 'MAN_VROUW': 'M'}, {'ETAPPE_VOLGNUMMER': 9, 'AFSTAND': Decimal('8.1'), 'ETAPPE_NAAM': 'Vredenoord - Planken Wambuis', 'MAN_VROUW': 'V'}, {'ETAPPE_VOLGNUMMER': 10, 'AFSTAND': Decimal('11.7'), 'ETAPPE_NAAM': 'Planken Wambuis - Oostereng', 'MAN_VROUW': 'M'}, {'ETAPPE_VOLGNUMMER': 11, 'AFSTAND': Decimal('5.8'), 'ETAPPE_NAAM': 'Oostereng - Campus WUR', 'MAN_VROUW': 'V'}, {'ETAPPE_VOLGNUMMER': 12, 'AFSTAND': Decimal('4.0'), 'ETAPPE_NAAM': 'Campus WUR - De Bongerd', 'MAN_VROUW': 'V'}]"
2021-09-21T09:38:16+02:00,competition,checkpoint_list,Na,"[{'ETAPPE_VOLGNUMMER': 1, 'ETAPPE_NAAM': 'De Bongerd - Oostereng', 'MAN_VROUW': 'M'}, {'ETAPPE_VOLGNUMMER': 2, 'ETAPPE_NAAM': 'Oostereng - Gelderse Roos', 'MAN_VROUW': 'M'}, {'ETAPPE_VOLGNUMMER': 3, 'ETAPPE_NAAM': 'Gelderse Roos - De Petteflet', 'MAN_VROUW': 'M'}, {'ETAPPE_VOLGNUMMER': 4, 'ETAPPE_NAAM': 'De Petteflet - Vredenoord', 'MAN_VROUW': 'V'}, {'ETAPPE_VOLGNUMMER': 5, 'ETAPPE_NAAM': 'Vredenoord - Beerenberg', 'MAN_VROUW': 'M'}, {'ETAPPE_VOLGNUMMER': 6, 'ETAPPE_NAAM': 'Beerenberg - Emma Piramide', 'MAN_VROUW': 'V'}, {'ETAPPE_VOLGNUMMER': 7, 'ETAPPE_NAAM': 'Emma Piramide - IPC', 'MAN_VROUW': 'M'}, {'ETAPPE_VOLGNUMMER': 8, 'ETAPPE_NAAM': 'IPC - Vredenoord', 'MAN_VROUW': 'M'}, {'ETAPPE_VOLGNUMMER': 9, 'ETAPPE_NAAM': 'Vredenoord - Planken Wambuis', 'MAN_VROUW': 'V'}, {'ETAPPE_VOLGNUMMER': 10, 'ETAPPE_NAAM': 'Planken Wambuis - Oostereng', 'MAN_VROUW': 'M'}, {'ETAPPE_VOLGNUMMER': 11, 'ETAPPE_NAAM': 'Oostereng - Campus WUR', 'MAN_VROUW': 'V'}, {'ETAPPE_VOLGNUMMER': 12, 'ETAPPE_NAAM': 'Campus WUR - De Bongerd', 'MAN_VROUW': 'V'}]"
2021-09-21T10:39:57+02:00,competition,checkpoint,Na,"{'ETAPPE_VOLGNUMMER': 3, 'ETAPPE_NAAM': 'Gelderse Roos - De Petteflet', 'MAN_VROUW': 'M'}"
2021-09-21T10:40:12+02:00,system,internet,TRUE,FALSE
2021-09-21T10:40:13+02:00,system,internet,FALSE,TRUE
2021-09-21T10:41:12+02:00,competition,checkpointteam,Na,WPP-B
2021-09-21T10:42:19+02:00,competition,ETAPPE_VOLGNUMMER,Na,3
2021-09-21T10:42:22+02:00,competition,ETAPPE_VOLGNUMMER,3,2
2021-09-21T10:42:22+02:00,competition,checkpoint,"{'ETAPPE_VOLGNUMMER': 3, 'ETAPPE_NAAM': 'Gelderse Roos - De Petteflet', 'MAN_VROUW': 'M'}","{'ETAPPE_VOLGNUMMER': 2, 'ETAPPE_NAAM': 'Oostereng - Gelderse Roos', 'MAN_VROUW': 'M'}"
2021-09-21T10:44:52+02:00,competition,ETAPPE_VOLGNUMMER,2,12
2021-09-21T10:44:52+02:00,competition,checkpoint,"{'ETAPPE_VOLGNUMMER': 2, 'ETAPPE_NAAM': 'Oostereng - Gelderse Roos', 'MAN_VROUW': 'M'}","{'ETAPPE_VOLGNUMMER': 12, 'ETAPPE_NAAM': 'Campus WUR - De Bongerd', 'MAN_VROUW': 'V'}"
2021-09-21T10:50:21+02:00,competition,ETAPPE_VOLGNUMMER,12,1
2021-09-21T10:50:21+02:00,competition,checkpoint,"{'ETAPPE_VOLGNUMMER': 12, 'ETAPPE_NAAM': 'Campus WUR - De Bongerd', 'MAN_VROUW': 'V'}","{'ETAPPE_VOLGNUMMER': 1, 'ETAPPE_NAAM': 'De Bongerd - Oostereng', 'MAN_VROUW': 'M'}"
2021-09-27T20:12:35+02:00,system,internet,TRUE,FALSE
2021-09-27T20:12:36+02:00,system,internet,FALSE,TRUE
2021-09-27T20:29:09+02:00,competition,ETAPPE_VOLGNUMMER,1,4
2021-09-27T20:29:09+02:00,competition,checkpoint,"{'ETAPPE_VOLGNUMMER': 1, 'ETAPPE_NAAM': 'De Bongerd - Oostereng', 'MAN_VROUW': 'M'}","{'ETAPPE_VOLGNUMMER': 4, 'ETAPPE_NAAM': 'De Petteflet - Vredenoord', 'MAN_VROUW': 'V'}"
2021-09-27T20:35:03+02:00,system,internet,TRUE,FALSE
2021-09-27T20:35:08+02:00,system,internet,FALSE,TRUE
2021-09-27T20:35:18+02:00,system,internet,TRUE,FALSE
2021-09-27T20:35:22+02:00,system,internet,FALSE,TRUE
2021-09-27T20:58:40+02:00,system,internet,TRUE,FALSE
2021-09-27T20:58:46+02:00,system,internet,FALSE,TRUE
2021-09-28T08:23:04+02:00,system,internet,TRUE,FALSE
2021-09-28T08:23:06+02:00,system,internet,FALSE,TRUE
2021-09-28T08:24:37+02:00,system,internet,TRUE,FALSE
2021-09-28T08:24:45+02:00,system,internet,FALSE,TRUE
2021-09-29T18:17:10+02:00,system,internet,TRUE,FALSE
2021-09-29T18:17:12+02:00,system,internet,FALSE,TRUE
2021-09-29T19:58:24+02:00,competition,ETAPPE_VOLGNUMMER,4,6
2021-09-29T19:58:24+02:00,competition,checkpoint,"{'ETAPPE_VOLGNUMMER': 4, 'ETAPPE_NAAM': 'De Petteflet - Vredenoord', 'MAN_VROUW': 'V'}","{'ETAPPE_VOLGNUMMER': 6, 'ETAPPE_NAAM': 'Beerenberg - Emma Piramide', 'MAN_VROUW': 'V'}"
2021-10-01T22:23:32+02:00,system,internet,TRUE,FALSE
2021-10-01T22:23:36+02:00,system,internet,FALSE,TRUE
